,Esti_r,Esti_pValue,True_r,True_pValue,ACC_average,RT_average,model,ntrials,npp,mean_v,mean_a,mean_z,mean_t,std_v,std_a,std_z,std_t,par_ind,True_correlation,TypeIerror,nreps,full_speed
0,-0.13517482115753013,0.1410122126435699,0.06989491228749707,0.4481070286334397,0.7222222222222225,1.8780924820139389,,,,,,,,,,,,,,,,
1,-0.026761843430561257,0.7717054781842677,0.038709763342065315,0.6746584773366433,0.722604166666667,1.7572159102026166,,,,,,,,,,,,,,,,
2,0.03426543822218802,0.7102358503504282,0.21415193560075094,0.01884013922561916,0.7110416666666667,1.8737584491063741,,,,,,,,,,,,,,,,
3,-0.037320719339692596,0.6857054946297727,-0.014539312035372731,0.8747629914665784,0.7131597222222223,1.8453732154151015,,,,,,,,,,,,,,,,
4,-0.0009097247632056324,0.9921320058462157,-0.08204111049842791,0.37303033368495536,0.7061111111111112,1.824723123260257,,,,,,,,,,,,,,,,
5,0.018745154858860753,0.8389697855236367,0.06989491228749707,0.4481070286334397,0.704131944444444,1.744417101138582,,,,,,,,,,,,,,,,
6,-0.018695676860618897,0.8393891039201296,0.019870790013521614,0.82944261635347,0.7299305555555554,1.7370743862244613,,,,,,,,,,,,,,,,
7,-0.043399690750794084,0.6378796432179032,0.07511616962389575,0.41484539663069,0.7141319444444441,1.852228809832078,,,,,,,,,,,,,,,,
8,0.07754402269749687,0.39988333941887205,0.1588543446689252,0.08310100487170494,0.7194444444444446,1.8272454854856355,,,,,,,,,,,,,,,,
9,0.05672989415347553,0.5382667165065437,0.09279282879286402,0.3134392048267513,0.7423958333333334,1.8405228306327226,,,,,,,,,,,,,,,,
10,0.009153067416907436,0.920964059756026,0.06989491228749707,0.4481070286334397,0.7047222222222218,1.7485868811783283,,,,,,,,,,,,,,,,
11,-0.01272641421195032,0.8902741981201081,0.1867919482829891,0.041072026529627645,0.7021527777777778,1.79340364783071,,,,,,,,,,,,,,,,
12,-0.006778326564754722,0.9414269547204906,0.07293829807845295,0.4285407404692572,0.7249305555555555,1.767722567115497,,,,,,,,,,,,,,,,
13,-0.05281407413462149,0.5667167254719648,0.1408930311485588,0.12480388740745199,0.7026736111111108,1.8015529972589055,,,,,,,,,,,,,,,,
14,0.1474935051862149,0.10792189393327734,0.16393989572136594,0.07358258995514154,0.7053819444444446,1.803432660813754,,,,,,,,,,,,,,,,
15,0.028633923784334762,0.7562192042820842,0.06989491228749707,0.4481070286334397,0.7045486111111107,1.7443687220569701,,,,,,,,,,,,,,,,
16,-0.024545624033558193,0.790154843287984,0.019870790013521614,0.82944261635347,0.7299305555555554,1.7370743862244613,,,,,,,,,,,,,,,,
17,0.002031396172115337,0.9824320557993921,0.07511616962389575,0.41484539663069,0.7141319444444441,1.852228809832078,,,,,,,,,,,,,,,,
18,0.08156346409910303,0.3758289622897111,0.1588543446689252,0.08310100487170494,0.7197222222222223,1.827312686517835,,,,,,,,,,,,,,,,
19,-0.0010732552385296387,0.9907177276645509,0.09279282879286402,0.3134392048267513,0.7418055555555555,1.839101456913373,,,,,,,,,,,,,,,,
20,-0.05122496700813162,0.5784617966851812,0.06989491228749707,0.4481070286334397,0.7188194444444445,1.86448838666547,,,,,,,,,,,,,,,,
21,-0.0889096596954874,0.3342061907955151,0.14491721666448734,0.11428540040354679,0.7216666666666668,1.8278409976698462,,,,,,,,,,,,,,,,
22,-0.19800066132415012,0.030174222619978108,0.07399191455770802,0.42188301478115775,0.7124305555555558,1.782464098770481,,,,,,,,,,,,,,,,
23,-0.12512923713843005,0.17328204663588553,0.05147507064819168,0.5766058137543549,0.7146875,1.679176108790561,,,,,,,,,,,,,,,,
24,0.05959085124379803,0.5179379049558792,0.09144919497357504,0.32052792777894845,0.7201736111111111,1.8737802716091072,,,,,,,,,,,,,,,,
25,-0.22435000019538184,0.01376283788516228,0.06989491228749707,0.4481070286334397,0.7063888888888893,1.8393243146527352,,,,,,,,,,,,,,,,
26,0.08028819059572355,0.383363522047439,0.07649373222932959,0.4063162189294976,0.7182291666666669,1.7418655402922167,,,,,,,,,,,,,,,,
27,0.10182228267583472,0.26846203022400533,0.20013835070109676,0.028402419662845107,0.7202430555555552,1.8543288629610717,,,,,,,,,,,,,,,,
28,-0.09583854323781804,0.2977507602155203,0.1855875468177621,0.042417969692141975,0.7040277777777778,1.693625440753272,,,,,,,,,,,,,,,,
29,0.09295924109987105,0.31256839381696855,0.2592008875185156,0.004253673999743156,0.7041319444444445,1.7539496563556083,,,,,,,,,,,,,,,,
30,-0.07730738952016065,0.40132738249588173,0.06989491228749707,0.4481070286334397,0.7036805555555556,1.7684587429753615,,,,,,,,,,,,,,,,
31,0.23853887694090858,0.008698034794964643,0.13962144871006377,0.12827804209657084,0.7227083333333333,1.7836861981239376,,,,,,,,,,,,,,,,
32,0.17855857956531426,0.051027442925417395,0.24794807200877023,0.006324215708002609,0.7306944444444446,1.8920671502857778,,,,,,,,,,,,,,,,
33,-0.06043152602806493,0.5120398358679018,0.2045913961627703,0.024994118967351864,0.7119444444444443,1.860430183694181,,,,,,,,,,,,,,,,
34,-0.11525489243409046,0.21001617202799858,-0.12635008785094112,0.1690922465026009,0.7087499999999999,1.8830389508335947,,,,,,,,,,,,,,,,
35,0.009153067416907436,0.920964059756026,0.06989491228749707,0.4481070286334397,0.7047222222222218,1.7485868811783283,,,,,,,,,,,,,,,,
36,0.13710585414365045,0.13536908371456427,0.1867919482829891,0.041072026529627645,0.7227083333333332,1.784654920829667,,,,,,,,,,,,,,,,
37,-0.13265812959845205,0.1486325547685857,0.08332398795345601,0.3655769867153385,0.718680555555556,1.8561200566077614,,,,,,,,,,,,,,,,
38,0.10942467889969902,0.23415763298899045,0.08259815102321952,0.3697826608057791,0.7064583333333333,1.7290003444554496,,,,,,,,,,,,,,,,
39,0.05713053111545496,0.5353963316366186,0.26090528442363514,0.003999714327445406,0.7095138888888888,1.9341063937167122,,,,,,,,,,,,,,,,
40,0.018745154858860753,0.8389697855236367,0.06989491228749707,0.4481070286334397,0.704131944444444,1.744417101138582,,,,,,,,,,,,,,,,
41,0.003683152655967977,0.9681531274466347,0.019870790013521614,0.82944261635347,0.7297916666666666,1.7370479244950954,,,,,,,,,,,,,,,,
42,0.018264373900072833,0.8430462238188979,0.07511616962389575,0.41484539663069,0.7141319444444441,1.852228809832078,,,,,,,,,,,,,,,,
43,0.12902987615204312,0.16015942077799175,0.1588543446689252,0.08310100487170494,0.7197222222222223,1.827312686517835,,,,,,,,,,,,,,,,
44,0.10130972393250726,0.27089151059917493,0.09279282879286402,0.3134392048267513,0.7421875,1.8401124291551407,,,,,,,,,,,,,,,,
45,-0.0516787578274861,0.5750963319881321,0.06989491228749707,0.4481070286334397,0.7073263888888891,1.8181693518104853,,,,,,,,,,,,,,,,
46,-0.06060370798363162,0.5108361111363126,0.019870790013521614,0.82944261635347,0.739791666666667,1.7935294281386052,,,,,,,,,,,,,,,,
47,-0.060763862522683745,0.5097177820234079,0.1356495688610869,0.1396085631974958,0.7314236111111112,1.8751759699111188,,,,,,,,,,,,,,,,
48,0.10006590255419008,0.2768487966616673,0.06683026057907455,0.468306369930299,0.7230555555555556,1.7787992773815584,,,,,,,,,,,,,,,,
49,0.001514574328506679,0.9869011764554457,0.11892008514774337,0.19578121053658679,0.6821874999999997,1.8092969362546374,,,,,,,,,,,,,,,,
50,-0.31602041162078565,0.0004378515749085938,0.06989491228749707,0.4481070286334397,0.7134375000000001,1.8531404380515843,,,,,,,,,,,,,,,,
51,0.020395867226629446,0.8250068251706604,0.07649373222932959,0.4063162189294976,0.7221527777777779,1.9319144350336865,,,,,,,,,,,,,,,,
52,-0.04453239748771946,0.6291229849600153,0.0717479199674617,0.4361347447202697,0.711979166666667,1.7640526166910098,,,,,,,,,,,,,,,,
53,-0.034089295447618774,0.7116594417852629,0.04148346007279733,0.6528072068828957,0.7194444444444444,1.7063880553029267,,,,,,,,,,,,,,,,
54,-0.023339032840316135,0.8002491117166332,0.22571283754432417,0.013184152403196644,0.7104513888888888,1.9135692544788536,,,,,,,,,,,,,,,,
55,0.07455713396545322,0.4183362504019936,0.06989491228749707,0.4481070286334397,0.713784722222222,1.8522028752457769,,,,,,,,,,,,,,,,
56,0.08710702849443792,0.34413749670239197,0.05819067544276012,0.5278377956132239,0.7286111111111111,1.7216918785813156,,,,,,,,,,,,,,,,
57,-0.01994596880532508,0.828807181865323,0.08433316125202325,0.35977880306004967,0.7393055555555554,1.7702120682369504,,,,,,,,,,,,,,,,
58,-0.14514721636376107,0.11370570366574782,0.05147507064819168,0.5766058137543549,0.7097569444444446,1.8229373953129275,,,,,,,,,,,,,,,,
59,0.14024189173388935,0.12657373872055955,0.15017815334148835,0.10158890768636175,0.7009375,1.8112962731452562,,,,,,,,,,,,,,,,
60,-0.07694395973088722,0.40355120451328214,0.06989491228749707,0.4481070286334397,0.718611111111111,1.8759422286755092,,,,,,,,,,,,,,,,
61,0.08095550899691305,0.37940955231055334,0.14491721666448734,0.11428540040354679,0.7153472222222227,1.814686205029074,,,,,,,,,,,,,,,,
62,-0.10990714676055871,0.2320891410473142,0.07399191455770802,0.42188301478115775,0.7161111111111111,1.744297142471188,,,,,,,,,,,,,,,,
63,0.017447825346208465,0.8499790298792563,0.13276213009533389,0.1483116222067624,0.7190972222222223,1.7203865918222185,,,,,,,,,,,,,,,,
64,0.06512012070713653,0.4797907889353105,0.027655576429655958,0.7643006926218174,0.7057291666666671,1.8777021741991236,,,,,,,,,,,,,,,,
65,0.011924944206378657,0.8971451963074957,0.06989491228749707,0.4481070286334397,0.705625000000001,1.7668637787571386,,,,,,,,,,,,,,,,
66,0.16087951922588847,0.07919886112135065,0.1867919482829891,0.041072026529627645,0.7127430555555562,1.747860205816104,,,,,,,,,,,,,,,,
67,-0.09267132078933105,0.3140760329861036,0.08130469325034131,0.3773504846272689,0.7298958333333332,1.7775359501136057,,,,,,,,,,,,,,,,
68,-0.11583058441496677,0.2077326283647243,0.038694258070284725,0.6747814143633708,0.7222916666666671,1.8372424466809676,,,,,,,,,,,,,,,,
69,0.07255948382332975,0.4309491061134995,0.061630803678687306,0.5036861252659144,0.7101736111111112,1.8581583634106857,,,,,,,,,,,,,,,,
70,0.0801707449937356,0.384061975379261,0.06989491228749707,0.4481070286334397,0.7140277777777776,1.8539841805108723,,,,,,,,,,,,,,,,
71,0.07238018522685326,0.4320917194000203,0.05819067544276012,0.5278377956132239,0.7280208333333336,1.761949229010174,,,,,,,,,,,,,,,,
72,-0.07211594069784284,0.43377882020742975,0.07933717291807837,0.38904131749319343,0.7371180555555558,1.7246807803229116,,,,,,,,,,,,,,,,
73,-0.08662397481640205,0.3468300757669951,0.13720661578927312,0.13507942289081365,0.7066319444444444,1.7694954025036556,,,,,,,,,,,,,,,,
74,0.13932080236979164,0.12911020029551742,0.1913519472045631,0.03629543333897805,0.7062152777777777,1.8473279551654636,,,,,,,,,,,,,,,,
75,-0.0023372461208911186,0.9797875227878448,0.06989491228749707,0.4481070286334397,0.7131597222222226,1.9049656452973271,,,,,,,,,,,,,,,,
76,0.0428709605861163,0.6419843553791884,0.056851241859606695,0.537396510262708,0.7414583333333337,1.8999131580111048,,,,,,,,,,,,,,,,
77,0.07352605942191695,0.42481930632990383,0.09424772525758293,0.305879248839078,0.7401041666666667,1.7640648278412931,,,,,,,,,,,,,,,,
78,0.07628516340181728,0.4076008923932221,0.04132299460858658,0.6540636002495376,0.7179513888888891,1.772287650230961,,,,,,,,,,,,,,,,
79,-0.11079759121174754,0.2283052224672417,0.13802621084218483,0.13274085896945886,0.7049999999999997,1.8520122453342707,,,,,,,,,,,,,,,,
80,-0.15003165945349,0.10192677150042519,0.06989491228749707,0.4481070286334397,0.7024305555555556,1.7539090612142665,,,,,,,,,,,,,,,,
81,0.0012123874477446431,0.9895144781275029,0.1931016605108971,0.034591106403099425,0.7239583333333331,1.7936785161966042,,,,,,,,,,,,,,,,
82,-0.10675355361759375,0.2458428651650229,0.13048908261514494,0.15544585944697348,0.7360763888888887,1.6977367336949742,,,,,,,,,,,,,,,,
83,-0.018893394432068767,0.8377137486209454,0.16184675902616427,0.07738779473108158,0.7119097222222224,1.697315949869032,,,,,,,,,,,,,,,,
84,-0.15285635024962316,0.09556594297407797,0.1102964691963627,0.2304293542093474,0.7059722222222222,1.7611663743517254,,,,,,,,,,,,,,,,
85,-0.08648654388365346,0.3475985390590693,0.06989491228749707,0.4481070286334397,0.7084027777777776,1.7327621809134466,,,,,,,,,,,,,,,,
86,0.015064804855735022,0.8702754587631379,0.11664150300678754,0.20454627470435408,0.7287499999999996,1.7526354759496956,,,,,,,,,,,,,,,,
87,0.1796209885567629,0.04964028267237421,0.08419128864940738,0.36059046652919724,0.7162847222222227,1.7272245825428736,,,,,,,,,,,,,,,,
88,-0.021926679982197418,0.8121066330108305,0.07198463508000354,0.4346185527889374,0.7201736111111112,1.8271742927743544,,,,,,,,,,,,,,,,
89,0.06228339297280007,0.49917046281302047,-0.029143335245173346,0.7520216262122946,0.7030902777777782,1.779308438142761,,,,,,,,,,,,,,,,
90,-0.1691774441946718,0.06472008891906059,0.06989491228749707,0.4481070286334397,0.7061111111111114,1.857420918007071,,,,,,,,,,,,,,,,
91,0.057754398235038,0.530941817855293,0.07649373222932959,0.4063162189294976,0.7234375000000001,1.8579644933286021,,,,,,,,,,,,,,,,
92,-0.14862930183101616,0.10520593202281944,0.08137808589339784,0.3769185697971182,0.7187847222222222,1.7573370233395451,,,,,,,,,,,,,,,,
93,0.00912675743620188,0.9211905122748274,0.1257756873863968,0.17105407186579236,0.7130208333333334,1.812130712122242,,,,,,,,,,,,,,,,
94,-0.013044056392892016,0.8875532738787169,0.07843518970229667,0.39447277973421113,0.717013888888889,1.8587815061133974,,,,,,,,,,,,,,,,
95,-0.08246326229095115,0.3705674966412941,0.06989491228749707,0.4481070286334397,0.7215625000000002,1.875151600166638,,,,,,,,,,,,,,,,
96,-0.05432458393578465,0.5556583089754442,0.038709763342065315,0.6746584773366433,0.7296874999999999,1.723147899087312,,,,,,,,,,,,,,,,
97,0.010597813815117256,0.9085391975743004,0.23510473562994968,0.009742874166807991,0.7062499999999996,1.8484280388274545,,,,,,,,,,,,,,,,
98,0.048153031495739816,0.6014809923589468,-0.0045724947301153,0.9604689224187801,0.7139236111111114,1.8202384506895513,,,,,,,,,,,,,,,,
99,0.11709857077414941,0.20276585298033228,0.2687625045695816,0.0029960506878890184,0.7202083333333337,1.8289648323982122,,,,,,,,,,,,,,,,
100,0.06927349678683078,0.45216287871724536,0.06989491228749707,0.4481070286334397,0.7131944444444447,1.9233935056844105,,,,,,,,,,,,,,,,
101,-0.009905030402125366,0.9144945867198023,0.14491721666448734,0.11428540040354679,0.7235763888888886,1.8544986235981598,,,,,,,,,,,,,,,,
102,-0.06237606968086017,0.4985309025033133,0.11794949072059739,0.19948099506313144,0.7226736111111112,1.9163182970865944,,,,,,,,,,,,,,,,
103,0.06955708781109131,0.4503094031847832,0.050975188243101266,0.5803181309461359,0.7265972222222218,1.7878112588439972,,,,,,,,,,,,,,,,
104,-0.14464117096502146,0.11498418182183333,0.2592008875185156,0.004253673999743156,0.7008333333333334,1.8249294639709932,,,,,,,,,,,,,,,,
105,0.04036382707193028,0.661593665738938,0.06989491228749707,0.4481070286334397,0.7140277777777781,1.9213341242695847,,,,,,,,,,,,,,,,
106,0.004002556781096056,0.9653929990549801,0.14491721666448734,0.11428540040354679,0.720173611111111,1.8559167499498772,,,,,,,,,,,,,,,,
107,-0.051242551737808444,0.5783312123871014,0.08137808589339784,0.3769185697971182,0.7179513888888891,1.849887975262891,,,,,,,,,,,,,,,,
108,-0.14089570621155292,0.1247966558622128,0.1257756873863968,0.17105407186579236,0.7260763888888888,1.7761821411782883,,,,,,,,,,,,,,,,
109,0.11111818305007809,0.22695355626418923,0.08509331249053725,0.3554492426422458,0.7189930555555559,1.7705740298672263,,,,,,,,,,,,,,,,
110,0.06927349678683078,0.45216287871724536,0.06989491228749707,0.4481070286334397,0.7131944444444447,1.9233935056844105,,,,,,,,,,,,,,,,
111,-0.0070591511986943835,0.9390048651817446,0.14491721666448734,0.11428540040354679,0.7252430555555553,1.853347538340733,,,,,,,,,,,,,,,,
112,-0.07858285689832803,0.3935804868500756,0.11794949072059739,0.19948099506313144,0.7225694444444445,1.9137181305942232,,,,,,,,,,,,,,,,
113,0.041084071274995075,0.6559360872107789,0.050975188243101266,0.5803181309461359,0.7280555555555553,1.74815800327342,,,,,,,,,,,,,,,,
114,0.03052950342697921,0.740636452701995,0.2528850923265335,0.005325320782758211,0.6979166666666672,1.904064566436639,,,,,,,,,,,,,,,,
115,-0.08427909393377105,0.3600879924283297,0.06989491228749707,0.4481070286334397,0.7218402777777779,1.8780449156602848,,,,,,,,,,,,,,,,
116,-0.006638055877864316,0.9426369796376388,0.038709763342065315,0.6746584773366433,0.7254166666666669,1.73380928522545,,,,,,,,,,,,,,,,
117,0.06489607355628346,0.48130652779249145,0.23510473562994968,0.009742874166807991,0.7260763888888891,1.8710088237954503,,,,,,,,,,,,,,,,
118,0.07745906078967238,0.4004014602679535,0.04759250530141825,0.6057248592187975,0.7269097222222223,1.8860189627928443,,,,,,,,,,,,,,,,
119,-0.04643466952429389,0.6145326977502881,0.2241620597112268,0.013844353345928461,0.697013888888889,1.83807829161485,,,,,,,,,,,,,,,,
120,0.09060222037718003,0.32504912215131315,0.06989491228749707,0.4481070286334397,0.713402777777778,1.9243051299608003,,,,,,,,,,,,,,,,
121,-0.12584650326564176,0.1708112997151356,0.14491721666448734,0.11428540040354679,0.7191319444444446,1.7501093368563394,,,,,,,,,,,,,,,,
122,0.05266404124503452,0.5678207752966776,0.11558204418667585,0.20871629918821935,0.7285763888888888,1.88554119541258,,,,,,,,,,,,,,,,
123,-0.0774619708287169,0.4003837074729069,0.15112651922239467,0.09942290978849638,0.7142708333333333,1.8581581779533176,,,,,,,,,,,,,,,,
124,0.10412447360903777,0.2577323738485741,0.027655576429655958,0.7643006926218174,0.708402777777778,1.8980681331078002,,,,,,,,,,,,,,,,
125,0.06927349678683078,0.45216287871724536,0.06989491228749707,0.4481070286334397,0.7131944444444447,1.9233935056844105,,,,,,,,,,,,,,,,
126,0.01577275673865202,0.864236326454262,0.14491721666448734,0.11428540040354679,0.7240972222222221,1.8542087124153557,,,,,,,,,,,,,,,,
127,-0.03781477793755575,0.6817685107842031,0.11794949072059739,0.19948099506313144,0.7223611111111112,1.9129807850040705,,,,,,,,,,,,,,,,
128,0.03151353819320333,0.7325879036752451,0.050975188243101266,0.5803181309461359,0.7272222222222218,1.7875621228437464,,,,,,,,,,,,,,,,
129,0.10187169391475205,0.268228608843512,0.2592008875185156,0.004253673999743156,0.6931597222222223,1.9408757598356656,,,,,,,,,,,,,,,,
130,-0.08427909393377105,0.3600879924283297,0.06989491228749707,0.4481070286334397,0.7218402777777779,1.8780449156602848,,,,,,,,,,,,,,,,
131,0.004408955655125461,0.9618817021583409,0.038709763342065315,0.6746584773366433,0.7255902777777781,1.7344324038938308,,,,,,,,,,,,,,,,
132,0.06763534598349533,0.46295231032010625,0.23510473562994968,0.009742874166807991,0.7194097222222223,1.8556948514329263,,,,,,,,,,,,,,,,
133,0.0008958633220752964,0.9922518864206056,0.04759250530141825,0.6057248592187975,0.7269791666666667,1.7870831517999373,,,,,,,,,,,,,,,,
134,-0.022841425027123222,0.8044217842713323,0.16393989572136594,0.07358258995514154,0.7006597222222225,1.8524222024240424,,,,,,,,,,,,,,,,
135,0.12647722605468958,0.16866027591727392,0.06989491228749707,0.4481070286334397,0.7118750000000001,1.8738297743474446,,,,,,,,,,,,,,,,
136,-0.019113835332758015,0.8358467040814894,0.056851241859606695,0.537396510262708,0.7297916666666667,1.808755123089586,,,,,,,,,,,,,,,,
137,0.05893121998117709,0.5225899634197746,0.1085058373622692,0.23813258410611374,0.7326736111111111,1.7502922239584016,,,,,,,,,,,,,,,,
138,0.06905216356876734,0.45361240639889644,0.1750637664185889,0.05581835637139013,0.7205555555555551,1.9308520157345463,,,,,,,,,,,,,,,,
139,-0.05540573946941167,0.5478075913705605,0.16512496730532664,0.07149607843259881,0.6957986111111112,1.8247051710583684,,,,,,,,,,,,,,,,
140,0.19571268275827583,0.03217360414681668,0.06989491228749707,0.4481070286334397,0.7051041666666665,1.863823418003611,,,,,,,,,,,,,,,,
141,0.0914534930950459,0.32050508816699647,0.030681057814605183,0.7393950171267913,0.7390277777777777,1.7636187183644834,,,,,,,,,,,,,,,,
142,-0.05390179230555608,0.5587430541135153,0.08433316125202325,0.35977880306004967,0.7309722222222227,1.8336936030728332,,,,,,,,,,,,,,,,
143,0.03758557830426921,0.6835938685360345,0.039983577132310294,0.6645882994266435,0.7279166666666669,1.8233180375438598,,,,,,,,,,,,,,,,
144,0.13988794635342164,0.12754385091991943,0.08509331249053725,0.3554492426422458,0.7143055555555554,1.7818016858072956,,,,,,,,,,,,,,,,
145,0.06809572290656604,0.45990587342131095,0.06989491228749707,0.4481070286334397,0.6989583333333332,1.8184740222038491,,,,,,,,,,,,,,,,
146,0.15700768268789564,0.08679182797703482,0.16008196213996134,0.08071767429751875,0.7318750000000006,1.7684050652312318,,,,,,,,,,,,,,,,
147,0.04880889793826525,0.5965321740403985,0.24084200058920077,0.0080539199713747,0.7187500000000001,1.7847879917790281,,,,,,,,,,,,,,,,
148,0.097392038541821,0.28995175564331477,0.03284508069478061,0.7217432496383838,0.7148263888888889,1.7830658985907213,,,,,,,,,,,,,,,,
149,0.10285232056842673,0.2636245388043374,-0.07625238023028308,0.4078030365102605,0.7090277777777779,1.8269834993195002,,,,,,,,,,,,,,,,
150,0.12255465551625083,0.18236788272574583,0.11209556370277227,0.22286756382560416,0.7195833333333336,1.7727511296162592,,,,,,,,,,,,,,,,
151,0.01067182219134696,0.9079032917608445,0.29448589561437716,0.001095105996334772,0.7035416666666668,1.782954632051083,,,,,,,,,,,,,,,,
152,0.08524353979695887,0.3545974558536823,0.01839764685453029,0.8419158102976513,0.7145486111111111,1.7889861576367787,,,,,,,,,,,,,,,,
153,0.1975884590207678,0.030526441953262522,0.1599356801840228,0.08099876132634798,0.7210416666666665,1.9711275990333197,,,,,,,,,,,,,,,,
154,-0.0798446817892457,0.3860051114292173,0.011021146968025535,0.9049025645017428,0.7122222222222222,1.8910521478676758,,,,,,,,,,,,,,,,
155,0.0001669938045266504,0.998555687780147,0.11209556370277227,0.22286756382560416,0.7172222222222222,1.676789054889749,,,,,,,,,,,,,,,,
156,-0.08912333014677054,0.333041223443414,-0.12240373564934075,0.18291110714536007,0.6962847222222226,1.7301157944013057,,,,,,,,,,,,,,,,
157,-0.12781305561093678,0.16417091828145264,0.17265929016798093,0.05932471999929121,0.7314930555555554,1.8424813773602042,,,,,,,,,,,,,,,,
158,0.06990166297812934,0.44806308059701117,0.10956569541009789,0.23355172152038442,0.7068055555555558,1.8598970669665782,,,,,,,,,,,,,,,,
159,-0.0017507326116132165,0.984858982984168,0.005782200837717407,0.9500226205635867,0.6877083333333333,1.794612161180832,,,,,,,,,,,,,,,,
160,0.03934161201442199,0.6696560472887212,0.11209556370277227,0.22286756382560416,0.7157638888888886,1.6748041211591205,,,,,,,,,,,,,,,,
161,-0.08758552622901963,0.3414833368431538,-0.12240373564934075,0.18291110714536007,0.700034722222222,1.6648365098998568,,,,,,,,,,,,,,,,
162,0.19369658744875512,0.034027205646989474,-0.07152612612092411,0.43755809133396417,0.7406250000000002,1.7550183340984702,,,,,,,,,,,,,,,,
163,-0.007750360826153467,0.9330456567313001,0.13293846211773683,0.1477686780391625,0.71125,1.804829619181756,,,,,,,,,,,,,,,,
164,0.1934121376148435,0.03429584568056485,0.0010973203161108978,0.9905096053933449,0.7065277777777779,1.8705972772888433,,,,,,,,,,,,,,,,
165,-0.10801334592922146,0.24028237715955272,0.009168639151316767,0.9208300353285522,0.7046874999999999,1.715994219085098,,,,,,,,,,,,,,,,
166,-0.024185308712687023,0.7931656636453785,0.03603233662167195,0.6960116468185646,0.703715277777778,1.8126447379589077,,,,,,,,,,,,,,,,
167,0.016184871865263115,0.8607243870828998,0.19073592787441024,0.03691205052526168,0.716666666666667,1.8970250283719772,,,,,,,,,,,,,,,,
168,-0.10148387529586612,0.2700643866786111,0.04671517530107408,0.6123937382853527,0.7094097222222221,1.8951307941688629,,,,,,,,,,,,,,,,
169,-0.06274726890299354,0.49597358116454326,-0.005396269167209352,0.953354460739859,0.7078125000000003,1.8426101796261756,,,,,,,,,,,,,,,,
170,-0.1018423233007448,0.2683673406241807,0.13177042561796426,0.15139323599123974,0.7119791666666668,1.804629931401254,,,,,,,,,,,,,,,,
171,0.11446096914598013,0.21319469819971829,0.1944428487418452,0.03333084968864996,0.7107638888888889,1.7782914508972314,,,,,,,,,,,,,,,,
172,-0.13066511753845017,0.15488432951165196,0.13416180859065224,0.14404308172052527,0.7198263888888886,1.838061277571962,,,,,,,,,,,,,,,,
173,-0.1002763536606537,0.27583469406417416,0.09460928639960761,0.3040191723260421,0.7255208333333337,1.9487236308575508,,,,,,,,,,,,,,,,
174,-0.068237554776192,0.45896957105052555,0.05122102631264808,0.5784910621878853,0.714166666666667,1.76114326361929,,,,,,,,,,,,,,,,
175,0.03227198535039045,0.72640416465214,0.009001804077620116,0.922266083592723,0.7291319444444446,1.8827786676632245,,,,,,,,,,,,,,,,
176,-0.007801629914186896,0.9326037878513795,-0.04693939163172159,0.6106863472397916,0.7256944444444446,1.7685101064708493,,,,,,,,,,,,,,,,
177,-0.12934327764089307,0.1591381759491174,0.16516329127416798,0.07142941026212324,0.7197569444444445,1.875350131843653,,,,,,,,,,,,,,,,
178,-0.008896678593224005,0.9231710896806149,0.11700055061319159,0.20314673019322857,0.7265625,1.8647752126073465,,,,,,,,,,,,,,,,
179,-0.03450927350931717,0.7082668130540185,0.15948213724231977,0.08187525321469735,0.7146527777777778,1.793348420180587,,,,,,,,,,,,,,,,
180,0.0915158760772996,0.3201737120238373,0.18817384706675133,0.039571916824965865,0.7155555555555554,1.755081576717914,,,,,,,,,,,,,,,,
181,-0.012832338749625624,0.889366704693143,0.15836895746108606,0.08405873824664148,0.710138888888889,1.780010176813748,,,,,,,,,,,,,,,,
182,0.07586096888238315,0.41022106825050014,0.07496869441302338,0.41576463918144135,0.6930208333333334,1.7302006673424815,,,,,,,,,,,,,,,,
183,0.07518400913100094,0.4144229379975392,-0.027199176167716634,0.7680794634431142,0.7137847222222221,1.9560739687928517,,,,,,,,,,,,,,,,
184,-0.10667934343244091,0.24617317019397184,0.09154290399788359,0.3200302093773868,0.7197222222222223,1.8521761793648406,,,,,,,,,,,,,,,,
185,0.05060452141317477,0.5830779622797009,0.17094839472608653,0.06192794395855429,0.7121527777777775,1.7527343691404285,,,,,,,,,,,,,,,,
186,-0.18509644406399625,0.04297725956300829,0.26643832261160044,0.003266255507850524,0.7160763888888889,1.7239685909662186,,,,,,,,,,,,,,,,
187,-0.002546718855627137,0.9779764405913756,0.13229070769408463,0.14977056549709167,0.7121874999999999,1.8852150612826362,,,,,,,,,,,,,,,,
188,0.018975272941802578,0.8370201651321959,-0.027199176167716634,0.7680794634431142,0.7127777777777777,1.9391004659240658,,,,,,,,,,,,,,,,
189,0.060264602726626225,0.5132081902979294,0.12938554018797738,0.15900083297542808,0.7085416666666667,1.900126397152845,,,,,,,,,,,,,,,,
190,0.007769428129900784,0.9328813204653683,0.18817384706675133,0.039571916824965865,0.7174305555555556,1.7738943394858178,,,,,,,,,,,,,,,,
191,0.016753280038033874,0.8558850302688826,0.17524194421366687,0.05556545616707427,0.7235763888888888,1.8188131410328465,,,,,,,,,,,,,,,,
192,-0.012012664612338686,0.8963927891363717,0.0631317080799827,0.4933323478409238,0.7243055555555562,1.8829668028435365,,,,,,,,,,,,,,,,
193,-0.004848876995180062,0.9580815948874069,0.0280672080306806,0.7608973274724495,0.7113194444444447,1.8614003296662127,,,,,,,,,,,,,,,,
194,-0.01845834805397276,0.8414010526754064,-0.022087330201703604,0.8107556807640308,0.7021874999999997,1.7398949367935876,,,,,,,,,,,,,,,,
195,-0.11304372544890604,0.2189536568850577,0.18817384706675133,0.039571916824965865,0.720034722222222,1.6767553190545486,,,,,,,,,,,,,,,,
196,-0.057062059260263635,0.5358863618275495,0.14942826168209591,0.10332772582188089,0.7064583333333335,1.7896649423107098,,,,,,,,,,,,,,,,
197,0.019096469764790135,0.8359937503767033,0.09215706301349355,0.3167805738311571,0.7084375000000003,1.869542915584106,,,,,,,,,,,,,,,,
198,0.17306019580184273,0.05872786639500914,0.09608261131524416,0.2965163899543637,0.7352777777777783,1.884222541692563,,,,,,,,,,,,,,,,
199,0.11126230075714415,0.22634777221597907,0.16425408012072418,0.0730246862251446,0.7064236111111105,1.8088888344215233,,,,,,,,,,,,,,,,
200,-0.10835967349512483,0.23876920579588032,0.05638661747628956,0.5407321892630373,0.7078819444444439,1.8327499338839612,,,,,,,,,,,,,,,,
201,0.1430387652263501,0.11910623712881194,0.1760507143160097,0.054429333207198394,0.7105208333333337,1.708670566905187,,,,,,,,,,,,,,,,
202,-0.21308073032340066,0.019457255419378046,0.3777493863416713,2.1053079553161974e-05,0.7140625000000002,1.7710091234624592,,,,,,,,,,,,,,,,
203,0.04329120357403132,0.6387209780913563,-0.053745156189835254,0.5598879737661988,0.7178472222222223,1.9937526054033594,,,,,,,,,,,,,,,,
204,0.0755171601516725,0.41235194717307344,0.16560392420684147,0.07066649531943896,0.7257638888888888,1.8642397227055492,,,,,,,,,,,,,,,,
205,0.03906473935380262,0.6718463205597466,0.25714313114271103,0.004579458608638085,0.714166666666667,1.7862798921298237,,,,,,,,,,,,,,,,
206,-0.1130177336153117,0.21906029443015015,0.2536062044725616,0.005191851347072455,0.7250000000000004,1.7807794323465276,,,,,,,,,,,,,,,,
207,0.022702431709017253,0.8055882967523735,0.07000630597800661,0.4473821477705598,0.7263541666666666,1.9124500532665605,,,,,,,,,,,,,,,,
208,-0.019665946135229682,0.8311745782877525,0.14577221989029557,0.11214197434893225,0.7432986111111111,1.8022079957643942,,,,,,,,,,,,,,,,
209,-0.005187437969142289,0.95515768960966,0.16973706763959936,0.06382689397090646,0.7171180555555557,1.7215676872007966,,,,,,,,,,,,,,,,
210,0.028957953235286164,0.7535483533883037,0.013883141317894004,0.880372040658295,0.7206597222222223,1.8349599149409284,,,,,,,,,,,,,,,,
211,0.07357666187608565,0.42449978882128864,0.16916138492548038,0.06474587006348057,0.6982638888888889,1.7616847675661036,,,,,,,,,,,,,,,,
212,0.015868772397344924,0.8634178664199004,0.03300536862237697,0.7204414618931151,0.7066666666666669,1.8814299687701792,,,,,,,,,,,,,,,,
213,0.08118804255266615,0.3780375920949313,0.0280672080306806,0.7608973274724495,0.725798611111111,1.8844668444002874,,,,,,,,,,,,,,,,
214,-0.01963284270661936,0.831454545122088,0.05660263228600131,0.5391800834888305,0.7099305555555554,1.8400461537044293,,,,,,,,,,,,,,,,
215,-0.13860937731579306,0.13109583561872612,0.016860475065481852,0.8549729787222878,0.7121527777777776,1.8646221819075024,,,,,,,,,,,,,,,,
216,-0.08871955084180755,0.335244874177838,0.23026398829910313,0.01140270912741093,0.7096527777777779,1.799107176652178,,,,,,,,,,,,,,,,
217,-0.02314514023321939,0.8018743290880272,0.12332803992209548,0.17960267006031685,0.7075,1.8192925656923207,,,,,,,,,,,,,,,,
218,0.0036920795999984346,0.9680759800569552,0.1167419414189639,0.2041540766371516,0.730034722222222,1.9188904580592903,,,,,,,,,,,,,,,,
219,0.05524265165463858,0.5489883640945462,-0.09908753944785109,0.28159615367525975,0.7069444444444443,1.802705510471327,,,,,,,,,,,,,,,,
220,0.02110486340296007,0.8190260750298343,0.2463312825494515,0.006685761461179924,0.7092361111111111,1.8020479079211746,,,,,,,,,,,,,,,,
221,-0.035484889560493026,0.7004078039694596,0.13151642841824124,0.15219019631426203,0.6988888888888892,1.6818266033681308,,,,,,,,,,,,,,,,
222,0.11258807069184008,0.2208284237529115,0.025389368601074883,0.7831166141701301,0.7120486111111111,1.8664383263668671,,,,,,,,,,,,,,,,
223,-0.03733871231646775,0.685561966071165,0.15058217262482942,0.1006616653505122,0.7241666666666672,1.8836033384543331,,,,,,,,,,,,,,,,
224,0.01162745675086899,0.8996975214511626,-0.07182973393398653,0.4356103752499569,0.7120138888888885,1.8675145816207959,,,,,,,,,,,,,,,,
225,-0.19048170652082433,0.03716907361158057,-0.0351686836042855,0.7029515613131434,0.7231944444444441,1.793183025875543,,,,,,,,,,,,,,,,
226,0.12257144950254563,0.18230750716958874,0.042691999559526565,0.643376148508395,0.6982638888888889,1.786905454661077,,,,,,,,,,,,,,,,
227,-0.08306087453525705,0.3670981110603488,0.07006078244239333,0.44702788860993087,0.693611111111111,1.9019076393849934,,,,,,,,,,,,,,,,
228,0.06015244105996723,0.513994018140141,0.10534838722530686,0.2521493603113789,0.7237152777777779,1.7755458338574195,,,,,,,,,,,,,,,,
229,0.20048931107095053,0.02812015599926829,0.1609294702354853,0.07910450660076708,0.7099305555555554,1.815718755864331,,,,,,,,,,,,,,,,
230,-0.07843505226797405,0.3944736107563378,0.06975893284784214,0.4489927903482429,0.7077083333333334,1.7526737726536676,,,,,,,,,,,,,,,,
231,0.10599345947499643,0.24924053611809907,-0.034273830246009246,0.7101680506099713,0.7223611111111113,1.8695985457880637,,,,,,,,,,,,,,,,
232,-0.018125795034688048,0.8442219803990765,0.13596350360705756,0.13868622465805322,0.7409375,1.8382813637708832,,,,,,,,,,,,,,,,
233,-0.010831842418030964,0.9065285418024991,0.25165997510346927,0.005559101281320419,0.7180902777777779,1.892543204948823,,,,,,,,,,,,,,,,
234,0.10046549951031951,0.2749253924357469,0.19578249422230187,0.032110980680692534,0.694895833333333,1.7958711837361463,,,,,,,,,,,,,,,,
235,0.11214819789223002,0.22264900831608408,-0.0424601612212814,0.6451810099877285,0.7159722222222226,1.7858149964279597,,,,,,,,,,,,,,,,
236,0.05805739110526201,0.5287851164986663,0.2263350338731303,0.01292709590303283,0.6942013888888888,1.6809523785766214,,,,,,,,,,,,,,,,
237,-0.18818035851587112,0.03956495854060505,0.13973893556065972,0.1279539714041209,0.7282638888888886,1.8633907016744427,,,,,,,,,,,,,,,,
238,-0.03201680677453219,0.728482734723084,-0.01247550204993776,0.8924244166464107,0.717847222222222,1.89757351335138,,,,,,,,,,,,,,,,
239,-0.04789427598433115,0.6034384416541524,-0.10490371014797183,0.2541680956452767,0.6942708333333333,1.7581301322346559,,,,,,,,,,,,,,,,
240,0.03277499504793188,0.7223127046547906,0.010291024383828543,0.9111758521476947,0.7123263888888889,1.8311918453406542,,,,,,,,,,,,,,,,
241,-0.10206182390451798,0.2673317085045141,0.22675435138019392,0.012756336412127844,0.7188194444444445,1.8374962807348412,,,,,,,,,,,,,,,,
242,-0.01345708624815539,0.8840172187491099,0.10639761338476578,0.2474299288448663,0.718854166666667,1.8798283880674789,,,,,,,,,,,,,,,,
243,0.12610600068546315,0.1699238637429139,0.10884952604461627,0.2366403007902573,0.7296527777777775,1.862311777458526,,,,,,,,,,,,,,,,
244,-0.13085654564876065,0.15427542482948756,0.09613412641686582,0.2962562857655975,0.7088194444444446,1.7927910081617937,,,,,,,,,,,,,,,,
245,0.01470157143702561,0.8733769192725211,0.1194108547481173,0.19392947189896778,0.7104513888888886,1.727886051044592,,,,,,,,,,,,,,,,
246,-0.14974833881601513,0.10258270820827112,-0.043995129412791635,0.6332701434609238,0.7184027777777775,1.775320660709404,,,,,,,,,,,,,,,,
247,0.07216861473676782,0.43344221683003786,0.02192168875180347,0.8121486145189144,0.7196874999999998,1.83074199197193,,,,,,,,,,,,,,,,
248,0.08173818474508143,0.3748037568893742,0.09412109364914457,0.3065324715584899,0.717847222222222,1.8502556928795653,,,,,,,,,,,,,,,,
249,0.0015590627381449006,0.9865164532827194,0.2563153647737907,0.004716681958295415,0.7205208333333337,1.798054826844794,,,,,,,,,,,,,,,,
250,0.11354126923779163,0.2169194593675766,0.009959278612162527,0.9140280762443047,0.7077083333333333,1.9131429155533097,,,,,,,,,,,,,,,,
251,-0.10568256512785665,0.2506395482310678,0.02880615642283584,0.7547991962299571,0.7254861111111109,1.7497875174890374,,,,,,,,,,,,,,,,
252,0.16133058366113992,0.07835009530856663,0.13463695878067702,0.14261537944378186,0.7059722222222223,1.859941773965127,,,,,,,,,,,,,,,,
253,0.12025242953294428,0.19078370249868695,0.08899677289150136,0.33373092213525885,0.6952430555555559,1.7419580808240516,,,,,,,,,,,,,,,,
254,-0.006372697515207854,0.9449264106944373,0.15781171450550413,0.0851691061541092,0.7213194444444445,1.7933760072596163,,,,,,,,,,,,,,,,
255,0.06258425748092558,0.4970957721306393,0.18970105891788122,0.03796774384066501,0.725486111111111,1.805983837627702,,,,,,,,,,,,,,,,
256,-0.13323474541870867,0.14685977021975247,-0.0654954785937289,0.47725716340096186,0.7210763888888887,1.723999638463267,,,,,,,,,,,,,,,,
257,-0.005066058491828231,0.9562058895383071,0.16537764921072043,0.07105744120171147,0.7275347222222224,1.7990089177107438,,,,,,,,,,,,,,,,
258,-0.07699476969523653,0.4032398617163353,0.1648067288035463,0.07205163106150632,0.7354513888888888,1.7901654885983505,,,,,,,,,,,,,,,,
259,0.05157590863442441,0.575858294651341,0.046892637344294996,0.6110422056990922,0.7165277777777781,1.7992433835400472,,,,,,,,,,,,,,,,
260,-0.0024392000583787076,0.9789060249064728,0.19044091309732983,0.03721045633252445,0.7189236111111114,1.8662901570979094,,,,,,,,,,,,,,,,
261,0.1519355887252047,0.0976039533189957,0.01870225161626321,0.8393333812853327,0.7127430555555556,1.746934617455635,,,,,,,,,,,,,,,,
262,-0.058315771599107384,0.526949449996565,0.16838315531759473,0.06600528040260094,0.725451388888889,1.9152528183576127,,,,,,,,,,,,,,,,
263,-0.06218744141320435,0.4998330759206365,0.052564904379157916,0.5685508527570066,0.7309722222222221,1.9072190947866898,,,,,,,,,,,,,,,,
264,0.05380517437596513,0.5594491427524603,0.22832848047455684,0.012132761416274786,0.71625,1.755494195069186,,,,,,,,,,,,,,,,
265,0.0014431980587938614,0.9875184244759169,0.18339801855624266,0.04495915394738118,0.7154861111111112,1.841460983719056,,,,,,,,,,,,,,,,
266,-0.008305133544774227,0.9282653907740528,0.14493820358707715,0.1142324094334166,0.6955555555555551,1.7076246151038343,,,,,,,,,,,,,,,,
267,-0.20058533598351466,0.02804334404534009,0.12382703168560086,0.17783494569856484,0.7347222222222226,1.877153799373449,,,,,,,,,,,,,,,,
268,0.12184200563563899,0.18494341602506345,0.13907957134305807,0.1297808914111693,0.7278819444444443,1.8079747538418611,,,,,,,,,,,,,,,,
269,-0.12945494758358447,0.15877546802542905,0.23364028268429107,0.010221020968407445,0.7212500000000001,1.883430882012989,,,,,,,,,,,,,,,,
270,-0.08448198906383605,0.35892856685169194,-0.04403555302525132,0.63295771637613,0.7207986111111109,1.8748260271497486,,,,,,,,,,,,,,,,
271,0.024519364937192346,0.790374162306621,0.09531926469762042,0.3003882657111549,0.6976041666666669,1.6915678056655445,,,,,,,,,,,,,,,,
272,-0.09621239370477866,0.29586139603028344,0.12382703168560086,0.17783494569856484,0.7362152777777774,1.915756598510262,,,,,,,,,,,,,,,,
273,0.08790374492919176,0.3397254033396739,0.07461468603155251,0.41797608470859765,0.7182986111111113,1.805649480342141,,,,,,,,,,,,,,,,
274,-0.10354691235598155,0.26039616129809506,-0.022087330201703604,0.8107556807640308,0.7018402777777781,1.7855247554664189,,,,,,,,,,,,,,,,
275,-0.05190654967030898,0.5734104037430965,0.029285817726469994,0.7508488516240429,0.7095138888888889,1.7490266914313861,,,,,,,,,,,,,,,,
276,0.18869541404925988,0.03901779704366188,-0.033249796596935076,0.7184578661900332,0.708090277777778,1.7779434484667669,,,,,,,,,,,,,,,,
277,0.08022307595100525,0.3837506663363281,0.035209159243484466,0.7026257660904408,0.7073958333333331,1.824624377302825,,,,,,,,,,,,,,,,
278,0.05055068677244828,0.5834792946432281,0.1648067288035463,0.07205163106150632,0.7291319444444444,1.9442980356354058,,,,,,,,,,,,,,,,
279,0.014164569687683213,0.8779656048198791,0.1609294702354853,0.07910450660076708,0.7172222222222222,1.7894505039292075,,,,,,,,,,,,,,,,
280,-0.025844810937705593,0.7793246993996169,0.12180326891369403,0.18508416887268786,0.7142708333333334,1.7766058321442033,,,,,,,,,,,,,,,,
281,-0.06547207527167288,0.4774149217279148,-0.12240373564934075,0.18291110714536007,0.7126736111111115,1.8112189236888665,,,,,,,,,,,,,,,,
282,0.15391273633756178,0.09326933749818668,0.05105043570040685,0.579758608357329,0.7109375000000003,1.821978965176062,,,,,,,,,,,,,,,,
283,-0.07128902031973226,0.43908261562508677,-0.007091525625429521,0.9387256737806579,0.7325347222222224,1.775004721053152,,,,,,,,,,,,,,,,
284,0.09211711786336904,0.3169912793753033,0.19128633779620313,0.036360691305449055,0.7019444444444446,1.8044498891714547,,,,,,,,,,,,,,,,
285,0.024490606708230528,0.7906143731749622,0.16103260441422693,0.078909977767519,0.7004861111111111,1.6944224290291054,,,,,,,,,,,,,,,,
286,-0.04250328553696118,0.6448451305228082,0.193014271847669,0.034674597728504404,0.7202777777777777,1.815257386280121,,,,,,,,,,,,,,,,
287,-0.12249789944273862,0.1825720331053782,0.1305706049052071,0.15518562391458218,0.7162499999999998,1.9306197283830902,,,,,,,,,,,,,,,,
288,0.15767069988336704,0.08545194157013657,-0.031945414400902844,0.7290646187200642,0.7218750000000003,1.921790524204261,,,,,,,,,,,,,,,,
289,0.03406729073940553,0.7118373543985713,0.11465091337100232,0.21243114190191814,0.7105902777777776,1.9125438246632822,,,,,,,,,,,,,,,,
290,-0.05106987562469731,0.5796140982153379,0.010291024383828543,0.9111758521476947,0.7067361111111113,1.8923675717729045,,,,,,,,,,,,,,,,
291,0.01085052189320439,0.9063680824806492,-0.0654954785937289,0.47725716340096186,0.7182986111111112,1.7905927111596496,,,,,,,,,,,,,,,,
292,0.0998775327905192,0.27775862058303236,0.07006078244239333,0.44702788860993087,0.7201736111111112,1.9115690133818939,,,,,,,,,,,,,,,,
293,0.06764511128436597,0.4628875756326377,0.09608261131524416,0.2965163899543637,0.7275347222222225,1.894902591565624,,,,,,,,,,,,,,,,
294,0.012432179008279412,0.8927957575711711,0.039628317881250666,0.667390905435471,0.7240972222222223,1.69879564999758,,,,,,,,,,,,,,,,
295,-0.202672145466199,0.026417638238574227,-0.0025307032022888385,0.9781149066321996,0.701076388888889,1.7661538218158404,,,,,,,,,,,,,,,,
296,0.10022621217120498,0.2760760839867657,0.23961960007746905,0.008390336850878076,0.7010763888888886,1.7596323743514304,,,,,,,,,,,,,,,,
297,-0.0977525604807318,0.2881614181529941,0.09174181369431328,0.3189753912396886,0.6959722222222224,1.880410666954187,,,,,,,,,,,,,,,,
298,-0.02351506137629782,0.7987743707446199,-0.15165762581602393,0.09822588760764889,0.7085416666666666,1.775778007229479,,,,,,,,,,,,,,,,
299,0.04745230569416116,0.6067884067523655,0.09690628330562276,0.2923756629636279,0.7092708333333331,1.755866213456417,,,,,,,,,,,,,,,,
300,0.05570020414150594,0.5456787808987604,0.1177433525627178,0.20027321758985717,0.6967361111111113,1.7892597198475984,,,,,,,,,,,,,,,,
301,0.04496641646932066,0.6257812081839259,-0.012563865691348786,0.8916670851119066,0.7139930555555558,1.7622050809534264,,,,,,,,,,,,,,,,
302,0.04949533635359839,0.5913723710002902,0.04110252602923656,0.6557913775584361,0.716006944444444,1.8410787330112524,,,,,,,,,,,,,,,,
303,-0.053816965530142966,0.5593629495164315,-0.05112950473335614,0.5791709387083117,0.731666666666667,1.9096386425807663,,,,,,,,,,,,,,,,
304,0.01964094483517942,0.8313860207417619,0.13902595837454002,0.12993031279720668,0.7169444444444449,1.8537647266649746,,,,,,,,,,,,,,,,
305,-0.053186499571743484,0.5639805519142599,0.05236011370103254,0.5700604017866744,0.710138888888889,1.7083317160937528,,,,,,,,,,,,,,,,
306,-0.05710741489838236,0.5355617417485323,0.11039093235553583,0.23002789121156014,0.728888888888889,1.8927108919475641,,,,,,,,,,,,,,,,
307,0.0995006258794101,0.27958510539612563,0.002881344270623752,0.9750835360313489,0.7167013888888889,1.866004016637906,,,,,,,,,,,,,,,,
308,-0.04689792124689,0.6110019840600756,-0.12097229746264403,0.18812243262139983,0.7227430555555557,1.8572420933827138,,,,,,,,,,,,,,,,
309,0.19221971530624066,0.03544154427466311,0.18368264281704624,0.04462181560402601,0.7106250000000002,1.7419817303436693,,,,,,,,,,,,,,,,
310,0.03891381881380529,0.6730413775258416,0.04918083766755474,0.5937338737565284,0.7289583333333332,1.797460980749068,,,,,,,,,,,,,,,,
311,0.2589700723545788,0.004289153607504236,0.0849408684887129,0.3563148996314902,0.7192708333333335,1.7342284569066637,,,,,,,,,,,,,,,,
312,0.048094790780916406,0.6019213285026507,0.16019390575935696,0.08050309847762484,0.7330208333333333,1.9075704115624021,,,,,,,,,,,,,,,,
313,-0.036307779508803394,0.6938035576068011,-0.11913641337695394,0.19496340486489874,0.7435416666666665,1.8764711149414588,,,,,,,,,,,,,,,,
314,0.04477607533502329,0.6272458317333897,0.1304769086321898,0.1554847492951291,0.7215625,1.828853487577289,,,,,,,,,,,,,,,,
315,0.020360899478952796,0.8253020588927288,0.06580384115589845,0.4751811697132303,0.7246875000000003,1.8573662823050583,,,,,,,,,,,,,,,,
316,-0.011968457197761588,0.8967719594163615,0.10423076842545749,0.2572441688084227,0.7238888888888894,1.788623984140966,,,,,,,,,,,,,,,,
317,-0.03796415608493988,0.6805798436079273,0.12236182700935119,0.18306216389073424,0.7087500000000001,1.8087932480349096,,,,,,,,,,,,,,,,
318,-0.11354718722398266,0.21689534485883905,-0.05925974516974136,0.5202703889766812,0.7205555555555558,1.8642663506180464,,,,,,,,,,,,,,,,
319,-0.018695176772546427,0.8393933423193015,0.11910168435676019,0.19509452726111434,0.7156249999999998,1.8747524672762172,,,,,,,,,,,,,,,,
320,0.140668866380472,0.12541102287684044,0.13340812274810837,0.1463298621508584,0.7237847222222218,1.7609836493142788,,,,,,,,,,,,,,,,
321,0.02935205353379447,0.7503038573465275,0.19242122120608918,0.03524570063768743,0.7083680555555556,1.7678866351804594,,,,,,,,,,,,,,,,
322,0.05837011575259902,0.5265637705989443,0.03132632075077654,0.7341169757597112,0.7078819444444444,1.9568236101191079,,,,,,,,,,,,,,,,
323,0.008988803459019035,0.9223779981829171,-0.006613841235024533,0.9428458770795756,0.7146527777777778,1.7484671647655263,,,,,,,,,,,,,,,,
324,-0.006739943901980248,0.9417580440967808,0.04076701080531274,0.6584242473587538,0.7012847222222223,1.8624886152086157,,,,,,,,,,,,,,,,
325,0.04763418722499708,0.6054088211017093,0.06828931047904102,0.45862816883776525,0.7324999999999997,1.8540058499729877,,,,,,,,,,,,,,,,
326,0.025427446968674706,0.782799385609019,-0.06154001495086469,0.5043160302542509,0.7121180555555554,1.8898064570268611,,,,,,,,,,,,,,,,
327,0.10411282252095296,0.2577859250802468,0.08497456296536207,0.35612345187335687,0.7307638888888891,1.8791253268723884,,,,,,,,,,,,,,,,
328,0.022891803175341698,0.8039990876335358,0.1478896696753007,0.10696841417009853,0.7105555555555555,1.7721375395745653,,,,,,,,,,,,,,,,
329,0.028022000810197265,0.7612708783495119,0.11990647033510557,0.1920723639090346,0.7181249999999999,1.8669922245883692,,,,,,,,,,,,,,,,
330,-0.17497055561220273,0.05595103362450208,0.037722136447103614,0.6825060917563311,0.722291666666667,1.7904479981136192,,,,,,,,,,,,,,,,
331,0.024640919742844426,0.7893590604037735,0.21858111414927814,0.01646453399623299,0.7037499999999998,1.7909513193182645,,,,,,,,,,,,,,,,
332,0.11589525284796304,0.2074772291958744,0.06165461158998301,0.5035210105087914,0.7147569444444443,1.906548499137474,,,,,,,,,,,,,,,,
333,0.05429705136018933,0.5558589402627064,0.2888505259359868,0.0013763409259677187,0.7102777777777773,1.7872783298588668,,,,,,,,,,,,,,,,
334,0.02616130126913936,0.7766927130549273,0.07424309965294788,0.42030467866770593,0.7117013888888886,1.8746950720141962,,,,,,,,,,,,,,,,
335,0.14354301259271093,0.1177969563539307,0.06741095134609393,0.4644412060850207,0.730138888888889,1.8229288027911543,,,,,,,,,,,,,,,,
336,-0.19158883526265075,0.036060633849682486,0.010001814082658175,0.913662310561859,0.6999999999999998,1.9348485134133238,,,,,,,,,,,,,,,,
337,-0.007715484903839925,0.933346250764603,0.11579982514096511,0.2078541868984319,0.7384722222222219,1.949109181949559,,,,,,,,,,,,,,,,
338,0.10071623445435465,0.27372312433696827,0.15035595208937128,0.10118002776496843,0.7329513888888891,1.7396391491721284,,,,,,,,,,,,,,,,
339,0.20452910976280478,0.02503926624881384,0.03991147152866993,0.6651567608645002,0.703715277777778,1.7565938244211585,,,,,,,,,,,,,,,,
340,0.09279342067074225,0.3134361048266581,0.07462730052651802,0.41789716623088746,0.7248611111111114,1.8604804937613926,,,,,,,,,,,,,,,,
341,0.14775268173019374,0.10729736552895217,0.19242122120608918,0.03524570063768743,0.7014930555555556,1.8527353733032943,,,,,,,,,,,,,,,,
342,-0.13110441144834872,0.15348967030681018,0.03132632075077654,0.7341169757597112,0.7170486111111111,1.7877214641812154,,,,,,,,,,,,,,,,
343,-0.044294677010527535,0.6309565290721301,0.24687584325943393,0.006561989237509402,0.7160763888888889,1.746439853956819,,,,,,,,,,,,,,,,
344,0.17799560873627732,0.05177539328992717,0.052687933014448886,0.5676448944758344,0.7060763888888888,1.75373138024213,,,,,,,,,,,,,,,,
345,0.04216745983608348,0.6474626397231561,0.07579182384786556,0.4106490998137542,0.724548611111111,1.8200590250889455,,,,,,,,,,,,,,,,
346,0.04347679607423854,0.6372819592301813,0.282582577764896,0.0017652280956171583,0.7147916666666667,1.8046406229911371,,,,,,,,,,,,,,,,
347,-0.09041700695477609,0.3260432331305611,0.1936974143093458,0.03402642733956492,0.7093055555555554,1.880046806518092,,,,,,,,,,,,,,,,
348,-0.03696147603441007,0.6885734875204841,0.3083910545322646,0.0006107083811037926,0.7237500000000001,1.8786487368530487,,,,,,,,,,,,,,,,
349,0.006443053805804545,0.9443193535458794,-0.00880745617382553,0.9239392662721393,0.7080555555555555,1.7046800928133428,,,,,,,,,,,,,,,,
350,0.020478322351021358,0.8243107509408245,0.14884388588393133,0.10469887716081686,0.7275347222222226,1.8168391294772224,,,,,,,,,,,,,,,,
351,0.19357963870511838,0.03413743860925748,0.13451057889215548,0.14299406694059977,0.7345138888888887,1.8476549699431706,,,,,,,,,,,,,,,,
352,-0.006293787996214881,0.9456073054520364,0.08114047357937339,0.37831800580967284,0.728715277777778,1.8572850967586658,,,,,,,,,,,,,,,,
353,-0.02914709562361689,0.7519906672268468,-0.015443534530047456,0.8670437807713826,0.721631944444445,1.778422266837312,,,,,,,,,,,,,,,,
354,0.007327775476197915,0.93668852359266,0.1359866887532031,0.1386182910143727,0.7034722222222219,1.8382836190652512,,,,,,,,,,,,,,,,
355,-0.049359475517938685,0.5923919978738931,0.1745434924799579,0.05656223948177775,0.7220833333333335,1.8215435381595866,,,,,,,,,,,,,,,,
356,-0.00023718972327846678,0.9979485716322576,0.14771711883288333,0.10738289249244017,0.7350000000000004,1.851808165784719,,,,,,,,,,,,,,,,
357,0.05269943662503471,0.5675602190794647,-0.016056984313907417,0.8618139243802212,0.7233333333333335,1.8572835247953319,,,,,,,,,,,,,,,,
358,0.04756052078524175,0.605967419683835,-0.17720586169908065,0.05283987440840306,0.7307986111111113,1.895775546153697,,,,,,,,,,,,,,,,
359,0.07636864229878151,0.4070864199835892,0.0990643770353161,0.2817092025006269,0.7121180555555556,1.8489079350450377,,,,,,,,,,,,,,,,
360,-0.07574164580651563,0.41095988308786097,0.09669312365014261,0.2934435539924828,0.7160416666666664,1.8246567641100326,,,,,,,,,,,,,,,,
361,-0.03146095289472789,0.733017281174432,0.09647460372559168,0.2945409775577194,0.7232986111111109,1.753113942710269,,,,,,,,,,,,,,,,
362,0.048375662254764765,0.599799089256963,0.05454695652914996,0.5540391491331392,0.712708333333333,1.7693326547483192,,,,,,,,,,,,,,,,
363,0.12388830432981685,0.17761876631117404,0.02811840868733113,0.7604743188032733,0.7243402777777779,1.8685865718985182,,,,,,,,,,,,,,,,
364,0.05262807650940037,0.5680855805885918,0.0822256215919983,0.3719526658055774,0.7196527777777779,1.7428416243671536,,,,,,,,,,,,,,,,
365,0.18528905709143315,0.04275717409675513,0.07606253388874996,0.40897480613446296,0.740763888888889,1.735716430448618,,,,,,,,,,,,,,,,
366,-0.1074563583906677,0.2427299303462401,0.1020721982093122,0.26728282842602047,0.7247569444444443,1.8442299816747083,,,,,,,,,,,,,,,,
367,0.08500342347328275,0.35595952102985706,0.08608499163045229,0.3498499914725518,0.7013541666666665,1.8395540368184446,,,,,,,,,,,,,,,,
368,-0.03422655908177592,0.7105499871497986,0.24768266414522255,0.006382347452680193,0.7207638888888891,1.827444818325651,,,,,,,,,,,,,,,,
369,-0.08049615198333618,0.38212865338833113,0.05978279782205342,0.5165881822976668,0.7203124999999997,1.8831842415459037,,,,,,,,,,,,,,,,
370,-0.04702023716421688,0.6100712261162569,0.12305844467897882,0.1805630847060505,0.7278125000000002,1.828974503914618,,,,,,,,,,,,,,,,
371,-0.03048135585096898,0.7410309862928393,0.14988129812869266,0.10227447255807601,0.737916666666667,1.7365002126344995,,,,,,,,,,,,,,,,
372,-0.03891270778699335,0.6730501781652776,0.07383929400908565,0.4228436879809463,0.7237847222222219,1.9564685943329503,,,,,,,,,,,,,,,,
373,0.0047006602959020006,0.9593618124317539,-0.006436507923566822,0.9443758322230467,0.7175347222222225,1.8188134727088938,,,,,,,,,,,,,,,,
374,0.09325756858524023,0.31101123237883316,0.04747510872158045,0.6066153679873579,0.7108680555555552,1.906478934128148,,,,,,,,,,,,,,,,
375,-0.03541437084070881,0.7009748142659372,0.08096681933153055,0.3793427508732787,0.7220138888888884,1.7890671535255391,,,,,,,,,,,,,,,,
376,0.005534305200324275,0.9521626672799647,0.11362022203653446,0.21659790059709436,0.7266666666666668,1.7989135680264898,,,,,,,,,,,,,,,,
377,-0.007515080838054684,0.9350737051337876,0.016025277588048534,0.8620840899004557,0.7070138888888885,1.7915699777793548,,,,,,,,,,,,,,,,
378,0.11859420173075633,0.19701785927828303,0.14069367488080614,0.12534371907492367,0.7187152777777777,1.793431764449923,,,,,,,,,,,,,,,,
379,0.08085964944169187,0.3799760076587443,0.09624945826581896,0.29567451193923394,0.7236458333333338,1.8802309646591953,,,,,,,,,,,,,,,,
380,-0.055597919784081073,0.5464177786789767,-0.004709932967777977,0.9592817169229055,0.7130902777777777,1.79270822002656,,,,,,,,,,,,,,,,
381,-0.10552434724275947,0.25135359646568134,0.09222602790592187,0.316417006406515,0.7216666666666668,1.822859727873778,,,,,,,,,,,,,,,,
382,-0.003791104674371087,0.9672202171065014,0.14052301601074998,0.1258072675577739,0.7274305555555555,1.7905722199649452,,,,,,,,,,,,,,,,
383,0.015391418593607521,0.8674883540756032,0.1194284805673357,0.19386320428987394,0.7125694444444444,1.7832845272615339,,,,,,,,,,,,,,,,
384,0.06512451124506646,0.4797611114730741,0.04340890603417903,0.6378081984619881,0.7284375000000002,1.7712667934518938,,,,,,,,,,,,,,,,
385,-0.011847426945806665,0.8978101637231051,0.11700058266760895,0.20314660555527522,0.7471875000000002,1.7813210858849602,,,,,,,,,,,,,,,,
386,0.032633008240074556,0.7234668313260725,0.08809335638096023,0.338680662564141,0.6992013888888893,1.7986323162313131,,,,,,,,,,,,,,,,
387,-0.06437168678101822,0.4848641811218066,0.16847966938394673,0.06584801724052704,0.7264583333333331,1.8693586773332207,,,,,,,,,,,,,,,,
388,0.14611188145886841,0.11129920742338333,-0.0829697699994437,0.36762571543891476,0.7380902777777774,1.8100808353235742,,,,,,,,,,,,,,,,
389,0.052042644270491024,0.5724042484544096,0.059281235272744134,0.5201188394269971,0.7074999999999999,1.8425050368485976,,,,,,,,,,,,,,,,
390,-0.04857054565010299,0.5983285359126369,0.07130993799875744,0.43894799975517174,0.7329166666666668,1.7623269649020703,,,,,,,,,,,,,,,,
391,-0.002332462425067294,0.9798288834228407,-0.0006494883602427948,0.9943826848339955,0.7055902777777774,1.9866182668429486,,,,,,,,,,,,,,,,
392,0.03952455402013312,0.6682103557452742,0.04853400476727995,0.598604143448569,0.7262847222222225,1.8079357374692338,,,,,,,,,,,,,,,,
393,0.04254313110473348,0.6445348516049908,-0.03171992806810114,0.7309034571711506,0.7265277777777778,1.797476848209692,,,,,,,,,,,,,,,,
394,-0.004768806618573616,0.9587731874517373,0.09046480800974137,0.3257864800607335,0.7156249999999998,1.8159948868775329,,,,,,,,,,,,,,,,
395,0.013647461424051288,0.882388131109451,0.09332547942532553,0.31065746958620166,0.7277777777777777,1.7788468540361573,,,,,,,,,,,,,,,,
396,0.10852134156841634,0.23806512447954178,0.14625796186931544,0.11093827437350244,0.732951388888889,1.8442157143783853,,,,,,,,,,,,,,,,
397,-0.018118026058220094,0.844287905563612,0.08147308840098545,0.3763599283585237,0.7055902777777783,1.9648183526874827,,,,,,,,,,,,,,,,
398,-0.025369033091026994,0.7832860426519228,-0.0520058635133548,0.5726760890884809,0.715625,1.807479733571203,,,,,,,,,,,,,,,,
399,0.12263707579874669,0.18207171636021968,0.15210723039389143,0.09722146411522813,0.7187499999999998,1.761905890847039,,,,,,,,,,,,,,,,
400,0.05535705921715814,0.5481599116524498,0.1690587824099347,0.06491078307374538,0.7003124999999996,1.8496370197837757,,,,,,,,,,,,,,,,
401,-0.028460254259929606,0.7576518824865919,0.07295982549364576,0.42840410936773526,0.7097569444444446,1.8207561888913104,,,,,,,,,,,,,,,,
402,-0.02948432439932713,0.74921588889219,0.10840963284694961,0.23855147291526899,0.722951388888889,1.884848363587839,,,,,,,,,,,,,,,,
403,-0.013052982003575133,0.8874768358029862,0.18345557500692705,0.04489076698481529,0.7294097222222224,1.827592412357529,,,,,,,,,,,,,,,,
404,0.22498975769112492,0.013488484008462804,0.1545402600905063,0.0919259252562493,0.7188194444444442,1.8197366139142674,,,,,,,,,,,,,,,,
405,0.03666217281187714,0.6909663352405553,0.009503715456752266,0.9179466096368912,0.7046180555555555,1.7723466867948368,,,,,,,,,,,,,,,,
406,-0.0815503063834777,0.3759062367440798,0.23464579868032215,0.009890555621420454,0.7130555555555553,1.8269394564447514,,,,,,,,,,,,,,,,
407,0.07246619772034335,0.431543372906121,0.13637086932822282,0.1374963030842632,0.7162152777777778,1.9150639428012068,,,,,,,,,,,,,,,,
408,0.11578472612615207,0.20791387579752527,0.36318065274798234,4.563822618825755e-05,0.7105902777777778,1.788752679221022,,,,,,,,,,,,,,,,
409,0.05899058273281659,0.5221704407776023,0.14100219133104552,0.12450905464955911,0.7187152777777777,1.7395214781811874,,,,,,,,,,,,,,,,
410,0.052544124077610777,0.5687039420762899,0.0922397393392903,0.3163447550382665,0.7147222222222226,1.781234293037818,,,,,,,,,,,,,,,,
411,0.10973309189450528,0.2328338875985384,0.16840371349555416,0.0659717566529586,0.7308333333333329,1.820870686302272,,,,,,,,,,,,,,,,
412,0.06684074503167894,0.46823642835148,0.18957470816920077,0.03809835672020856,0.71875,1.8702452800231468,,,,,,,,,,,,,,,,
413,-0.02329525563196246,0.8006159800822734,-0.03119371729447077,0.73520062629813,0.7196874999999999,1.861057718480524,,,,,,,,,,,,,,,,
414,0.02690890596480363,0.7704855989650364,0.13793432160853344,0.13300149717406554,0.7192013888888883,1.834104969390254,,,,,,,,,,,,,,,,
415,0.018239232511354248,0.8432595075003572,0.09669312365014261,0.2934435539924828,0.7229513888888891,1.7805405214123626,,,,,,,,,,,,,,,,
416,-0.09308567867584842,0.31190781749168545,0.09647460372559168,0.2945409775577194,0.7297222222222223,1.8165377014259712,,,,,,,,,,,,,,,,
417,0.06038495155958312,0.5123656889837995,0.017692841443109526,0.847897522435609,0.7164583333333334,1.9415382972861546,,,,,,,,,,,,,,,,
418,0.1278749936694938,0.16396493860869718,-0.08625783523505832,0.34887976182642444,0.7341666666666663,1.8090713657500852,,,,,,,,,,,,,,,,
419,-0.05251142905417243,0.5689448469949174,-0.0054040059826298194,0.953287658867578,0.7089930555555559,1.8387704300378558,,,,,,,,,,,,,,,,
420,0.1328827812776592,0.14793996275250929,0.07395613539341045,0.42210811403176235,0.7386805555555552,1.743540240520509,,,,,,,,,,,,,,,,
421,0.07067780294322447,0.4430264318338474,0.18698690858923606,0.040857549973136495,0.7259374999999998,1.7833745363732383,,,,,,,,,,,,,,,,
422,-0.039271558803567364,0.6702099603192286,0.0765740433494982,0.4058221820060253,0.7200694444444442,1.7830746796923775,,,,,,,,,,,,,,,,
423,0.1406126970841406,0.1255635091609822,0.19213800240584172,0.03552122187120112,0.7161458333333333,1.870870393004992,,,,,,,,,,,,,,,,
424,0.062341086498961244,0.49877227026724635,0.0808805959685249,0.37985218619298794,0.7186458333333333,1.7648324959316395,,,,,,,,,,,,,,,,
425,0.04391900163633344,0.6338586971403716,0.11377428401710955,0.21597141281913013,0.7297569444444444,1.7399285498773684,,,,,,,,,,,,,,,,
426,-0.03653162491820435,0.6920109871943099,0.08809335638096023,0.338680662564141,0.7014930555555557,1.832334795938287,,,,,,,,,,,,,,,,
427,0.050035313173531444,0.5873277735875536,0.16847966938394673,0.06584801724052704,0.7214930555555559,1.906925159423199,,,,,,,,,,,,,,,,
428,-0.013956759729211071,0.8797424385767618,-0.09507959638526933,0.3016107517506326,0.7306249999999996,1.8056350854960164,,,,,,,,,,,,,,,,
429,-0.08827584954521941,0.33767706766166283,0.041058534421435276,0.6561363509035569,0.7131597222222225,1.8796841405570102,,,,,,,,,,,,,,,,
430,0.028615488510149275,0.7563712460212694,0.12708299611052795,0.16661330655316317,0.7116666666666668,1.7972611264718903,,,,,,,,,,,,,,,,
431,0.12046031485088968,0.19001238014488148,0.19556611605770263,0.032305416122547136,0.7108680555555555,1.7099439681709443,,,,,,,,,,,,,,,,
432,0.009317921589749697,0.9195452888606251,0.1391699225670151,0.12952937714181834,0.7247222222222224,1.9163357094737388,,,,,,,,,,,,,,,,
433,-0.10616973623740435,0.24844969610331094,-0.08629975879427156,0.3486446852120432,0.7232986111111109,1.760632478597884,,,,,,,,,,,,,,,,
434,-0.1681697863234971,0.06635403531124923,0.023384451563397,0.7998685328621169,0.7151041666666671,1.9317844420081627,,,,,,,,,,,,,,,,
435,0.07387340242016814,0.42262888220903155,0.11376988766508783,0.21598927256064415,0.7031944444444442,1.9445190152950163,,,,,,,,,,,,,,,,
436,-0.10615471087082798,0.24851703758598298,-0.0816681883686124,0.3752142683876919,0.7047916666666667,1.7451394403467162,,,,,,,,,,,,,,,,
437,0.0831970316544395,0.36631046720557864,0.31229952332466315,0.0005155656207464174,0.7210069444444444,1.8766559871932893,,,,,,,,,,,,,,,,
438,-0.04246141766178041,0.6451712230226819,0.09807047712411517,0.28658877560483487,0.7115625000000002,1.8971890559864952,,,,,,,,,,,,,,,,
439,0.10691582618250713,0.24512166899520857,0.15842002500159638,0.08395756190033556,0.7054513888888889,1.8818473946654963,,,,,,,,,,,,,,,,
440,0.12401486203597624,0.17717286278449698,0.3003155938044985,0.000860283354794297,0.7094444444444444,1.7865898821911672,,,,,,,,,,,,,,,,
441,0.16893378627261485,0.06511215142951318,0.19121012582613536,0.03643661894499968,0.7189236111111115,1.846628038792664,,,,,,,,,,,,,,,,
442,0.017324094657426924,0.8510305637485946,0.15368031177926927,0.09377084448723207,0.7095138888888889,1.9135662097002692,,,,,,,,,,,,,,,,
443,0.06389292157700181,0.4881245606398726,0.08284407701507901,0.36835439335987935,0.6971527777777774,1.7482184581572389,,,,,,,,,,,,,,,,
444,-0.08766619205978145,0.34103717222096214,-0.01917461826748912,0.8353320574998254,0.7276736111111106,1.823382645175896,,,,,,,,,,,,,,,,
445,-0.14134063058154017,0.12359836622480536,0.015895710964291425,0.8631882616997442,0.7239930555555557,1.8702013306712937,,,,,,,,,,,,,,,,
446,0.14272035697856256,0.11993876729414263,-0.04559892322229193,0.6209247266908636,0.7102083333333337,1.8274783114499094,,,,,,,,,,,,,,,,
447,0.051081266217431344,0.5795294319661544,0.024516469887171478,0.7903983431036494,0.7191666666666666,1.8343869026460582,,,,,,,,,,,,,,,,
448,0.09578874355374771,0.2980030370761748,-0.12284137047724901,0.18133912920980308,0.7135763888888886,1.8296304885908543,,,,,,,,,,,,,,,,
449,0.016714430849872633,0.8562156192874104,0.10807585186413464,0.24000878458614103,0.7048958333333336,1.7725886672667945,,,,,,,,,,,,,,,,
450,0.034234332403319835,0.7104871761576468,0.11791777777441666,0.19960272574946994,0.7176041666666664,1.73668890248415,,,,,,,,,,,,,,,,
451,-0.03162934977366983,0.7316425527917512,0.20525208227547712,0.024519499370706955,0.7267013888888891,1.832449176800437,,,,,,,,,,,,,,,,
452,-0.12280728361808747,0.1814612120699459,0.11638178360313753,0.20556295047337855,0.7288194444444446,1.7706022399312085,,,,,,,,,,,,,,,,
453,0.11329022655990519,0.21794415807526113,0.10555937169641084,0.25119540806769663,0.7145138888888894,1.8410035834290708,,,,,,,,,,,,,,,,
454,-0.06163700578826814,0.5036431091226983,-0.01439807474834794,0.8759697950047366,0.7311111111111117,1.819211223645446,,,,,,,,,,,,,,,,
455,0.06383975817169363,0.48848732086388086,0.12713458741811567,0.16643982911888727,0.7237152777777781,1.9817121512401434,,,,,,,,,,,,,,,,
456,0.010514564613872493,0.9092545729173372,0.2664654889671881,0.0032629745891907262,0.7236805555555552,1.8849989204232895,,,,,,,,,,,,,,,,
457,-0.10654743236113345,0.2467610561753523,0.21031453597856925,0.021132074863477103,0.7321527777777778,1.902793686162266,,,,,,,,,,,,,,,,
458,0.01246156362336054,0.8925438865201311,0.08987526349273713,0.32896216319448,0.696736111111111,1.8645263030545576,,,,,,,,,,,,,,,,
459,-0.004031402775370204,0.9651437462728854,0.06488221585263415,0.4814003632861117,0.7000000000000005,1.7570140299097539,,,,,,,,,,,,,,,,
460,-0.19963291264079633,0.028813155394526183,0.07035973316650942,0.4450866256819695,0.7107986111111111,1.8935560365833553,,,,,,,,,,,,,,,,
461,0.002989077846032293,0.9741522244727213,-0.08493930857516581,0.3563237644140032,0.7206944444444449,1.8763149956261946,,,,,,,,,,,,,,,,
462,-0.01822932526690046,0.8433435574304896,-0.028826181508646204,0.7546341481941404,0.7054513888888889,1.894848824267068,,,,,,,,,,,,,,,,
463,0.04089978157278042,0.6573818605145989,0.06715564048834828,0.46613843047078884,0.7092708333333333,1.789570242956592,,,,,,,,,,,,,,,,
464,0.10043658160579426,0.2750642816671369,0.10781767471105948,0.24114024527738162,0.7064930555555556,1.7986987943978356,,,,,,,,,,,,,,,,
465,-0.022798930894468886,0.8047783741657365,0.1588426321579558,0.08312401200426368,0.7181944444444445,1.9663308316748587,,,,,,,,,,,,,,,,
466,-0.07810151170802763,0.39649350477016426,0.2204089774352283,0.015562608482185679,0.7108680555555554,1.8678450563555162,,,,,,,,,,,,,,,,
467,0.12204481436185534,0.18420777106208364,0.21287950905734,0.019575102712587288,0.7193055555555556,1.8725938671920446,,,,,,,,,,,,,,,,
468,-0.1372083523098871,0.13507443504002475,0.10897635427996255,0.2360912695599493,0.7026736111111115,1.8522512533986515,,,,,,,,,,,,,,,,
469,-0.11183689633558434,0.22394384383869093,0.15383228363939924,0.09344269085351853,0.7092708333333332,1.8359741688147186,,,,,,,,,,,,,,,,
470,0.10702579384876956,0.24463376794646977,0.07296654475065287,0.42836146842976613,0.7034374999999997,1.7897486880783828,,,,,,,,,,,,,,,,
471,-0.0502872009651894,0.5854453880928238,0.12295769477138949,0.1809229642304191,0.7110416666666667,1.778680055973948,,,,,,,,,,,,,,,,
472,0.03609763051519459,0.6954879870794293,-0.019344683710308393,0.833892490928016,0.7011458333333334,1.8707205516239627,,,,,,,,,,,,,,,,
473,-0.1769832734773889,0.05314313637253014,0.11684006898346451,0.20377142404664572,0.6940624999999998,1.8308091606613661,,,,,,,,,,,,,,,,
474,0.19301351251019772,0.03467532394520914,0.14858338603388965,0.10531467897210674,0.7012847222222223,1.8550002608748362,,,,,,,,,,,,,,,,
475,-0.009732892408303577,0.9159750886899501,0.12529315574138647,0.17271508929930038,0.7143055555555559,1.7904513007319638,,,,,,,,,,,,,,,,
476,-0.06456938808957494,0.48352124574050714,0.06759530468027039,0.46321779830067644,0.713368055555555,1.8245344382457236,,,,,,,,,,,,,,,,
477,-0.11479794695267984,0.21184142245819976,0.019626311003675827,0.8315097884269563,0.7165277777777778,1.9458239021493753,,,,,,,,,,,,,,,,
478,-0.26242448690245956,0.0037848955269290745,0.11964262441912597,0.19305940050945328,0.7025694444444446,1.855963652721709,,,,,,,,,,,,,,,,
479,0.17730707843349455,0.05270244618983193,0.1751793204869393,0.05565423476999109,0.7123958333333333,1.8332239757307491,,,,,,,,,,,,,,,,
480,0.014791773991592497,0.8726065455538399,0.028261922764369243,0.7592890139284229,0.721770833333333,1.9324583321830466,,,,,,,,,,,,,,,,
481,0.037908511315480974,0.6810225419945178,0.06179596200846153,0.5025412857738543,0.7205902777777774,1.7424491632367587,,,,,,,,,,,,,,,,
482,0.10714902825322899,0.2440878055568637,0.032093748939711585,0.7278557900195101,0.7334722222222225,1.8575823021850861,,,,,,,,,,,,,,,,
483,0.04383235581692193,0.6345288454934417,0.004909800205736219,0.9575554031460797,0.7262500000000001,1.7690155573065083,,,,,,,,,,,,,,,,
484,-0.1749538461900874,0.055974845379418575,0.18770783514376452,0.040072577490721274,0.7165972222222222,1.7599432206624703,,,,,,,,,,,,,,,,
485,-0.09552468784485228,0.29934305391728583,0.10044056353687805,0.2750451541223341,0.7144097222222229,1.8145544173801327,,,,,,,,,,,,,,,,
486,0.0582609571406013,0.527338611284694,0.02307302459057725,0.80247902233534,0.7094791666666665,1.9256564769495477,,,,,,,,,,,,,,,,
487,0.010937898258939467,0.9056175574023682,0.05314184058412683,0.5643083254470758,0.717916666666667,1.9796404456792198,,,,,,,,,,,,,,,,
488,0.07060304655245055,0.4435101577519999,0.0035704669783438053,0.9691269914685423,0.7136805555555557,1.7861812664770214,,,,,,,,,,,,,,,,
489,-0.18024390255328873,0.04884158162294025,0.18873819451039728,0.03897263665976716,0.7123611111111112,1.6751374230813247,,,,,,,,,,,,,,,,
490,0.05000039207270499,0.5875889610027119,0.10530164343144169,0.25236104621619543,0.7172222222222226,1.8488007901350239,,,,,,,,,,,,,,,,
491,0.07111825935675216,0.4401824242220092,0.03932789056453977,0.6697645292847989,0.7240277777777774,1.8163539523217425,,,,,,,,,,,,,,,,
492,-0.09631313977727932,0.29535360413348416,0.12346490083482141,0.17911654939416297,0.7187152777777777,1.7527069042400556,,,,,,,,,,,,,,,,
493,0.011041631692765433,0.904726640292461,0.20773762469913393,0.022802381065439928,0.7012152777777779,1.8297297972073365,,,,,,,,,,,,,,,,
494,-0.04483765447876988,0.6267718378014795,-0.0751395439529758,0.4146998087248743,0.7004166666666667,1.7770566793805405,,,,,,,,,,,,,,,,
495,0.04073957759888607,0.6586397079997561,0.13336559401747178,0.14645971249129405,0.7172569444444441,1.8332229712558912,,,,,,,,,,,,,,,,
496,0.03458025174625122,0.7076940050775841,0.125792271300075,0.17099719576130595,0.7243749999999999,1.7399894166587748,,,,,,,,,,,,,,,,
497,0.06720344808337504,0.46582036249785574,0.07464454155594381,0.4177893173638418,0.7325694444444449,1.862105804919783,,,,,,,,,,,,,,,,
498,0.03563084376899558,0.6992347735318736,0.04660633491347115,0.6132233004026465,0.7065972222222221,1.9735609236613116,,,,,,,,,,,,,,,,
499,-0.016920479807642514,0.8544625214985732,0.07001417075907988,0.4473309935543569,0.6923611111111113,1.8436640736853904,,,,,,,,,,,,,,,,
11,,,,,,,ddm,240,120,0,1.18,0.5,0.5,0.3,0.33,0.1,0.25,0,0.1,0.05,500,1
